Entity Type,Affiliated Dialysis/ Care Coordination Organization,Entity Legal Business Name,Agreement_Option,Presence in States,Entity in Aggregation Group (Y/N) & Group Number,Average Risk Score CKD,Average Risk Score ESRD,Average Risk Score (CKD & ESRD),Beneficiary Count CKD,Beneficiary Count ESRD,Beneficiary Count (CKD & ESRD),Beneficiary Months CKD,Beneficiary Months ESRD,Beneficiary_Months,Unadjusted CKD Benchmark,Unadjusted ESRD Benchmark,Unadjusted Benchmark (CKD & ESRD),ESRD Discount (Only Global),Total Quality Score,Quality Withhold Amount,Earned Quality Withhold,Adjusted CKD Benchmark,Adjusted ESRD Benchmark,Adjusted Benchmark (CKD & ESRD),Performance Year CKD Expenditure,Performance Year ESRD Expenditure ,Performance_Year_Expenditure,Gross Shared Savings/Losses CKD,Gross Shared Savings/Losses ESRD,"Gross Shared Savings/Losses
(CKD & ESRD)","Gross Percentage Savings/Losses (CKD & ESRD) 
as % of Benchmark","Net Shared Savings/Losses 
(CKD & ESRD)",Net Percentage Savings/Losses as % of Benchmark,Medicare FFS Claims Zeroed out for CKD QCP,Prospective CKD QCP Payment,Leakage Withhold Balance Amount,Alignment Withhold Balance Amount,Health Professional Shortage Area Bonus,Home Dialysis True Up,High Performers Pool,Extreme and Uncontrollable Circumstance,Total Monies Owed By (To) CMS,ID
CKCC,Carolina Kidney Partners,"Carolina Kidney Partners, LLC",Graduated Level 1,"GA, SC",N,2.06,0.96,1.51,"  2,482 ","  2,073 ","  4,555 ","  25,147 ","  19,104 ","  44,251 ","$47,479,612","$139,327,293","$186,806,905",N/A,75.0%,N/A,N/A,"$47,479,612","$139,327,293","$186,806,905","$50,136,188","$137,307,457","$187,443,645","-$2,656,576","$2,019,836","-$636,741",-0.3%,$0,0.0%,"$546,186","$1,698,926","$219,737",$0,"$1,320","$104,375",$0,N/A,"$325,432",
CKCC,DaVita,"Integrated Kidney Care of Florida, LLC",Professional,FL,N,2.51,1.04,1.78,"  2,223 ","  1,450 ","  3,673 ","  22,695 ","  13,425 ","  36,120 ","$56,258,642","$105,471,147","$161,729,789",N/A,87.5%,"$8,086,489","$7,075,678","$55,907,026","$104,811,952","$160,718,978","$52,773,445","$106,791,124","$159,564,570","$3,133,580","-$1,979,172","$1,154,408",0.7%,"$833,116",0.5%,"$520,103","$1,575,082","$186,196",$0,$0,"$60,574","$1,296,448",67.3%,"$2,376,333",C0083
CKCC,DaVita,"Integrated Kidney Care of Georgia, LLC",Professional,GA,N,2.23,0.93,1.58,  271 ,  368 ,  639 ,"  2,664 ","  3,469 ","  6,133 ","$5,382,495","$26,009,807","$31,392,302",N/A,62.5%,"$1,569,615","$981,009","$5,281,573","$25,522,123","$30,803,697","$5,149,222","$25,385,720","$30,534,942","$132,351","$136,403","$268,754",0.9%,$0,0.0%,"$68,081","$193,504","$26,685",$0,$0,"$8,678",$0,N/A,"$35,363",
CKCC,DaVita,"Integrated Kidney Care of Minnesota, LLC",Professional,"WI, MN",N,2.63,1.00,1.81,  455 ,  715 ,"  1,170 ","  4,390 ","  7,006 ","  11,396 ","$11,143,891","$56,776,855","$67,920,747",N/A,62.5%,"$3,396,037","$2,122,523","$10,934,943","$55,712,289","$66,647,233","$11,121,628","$51,780,855","$62,902,483","-$186,684","$3,931,434","$3,744,750",5.6%,"$1,757,967",2.6%,"$90,881","$403,421","$49,257",$0,$0,"$25,554",$0,N/A,"$1,832,778",
CKCC,DaVita,"Integrated Kidney Care of Nevada, LLC",Professional,"NV, PA",N,2.35,0.98,1.66,  444 ,  503 ,  947 ,"  4,254 ","  4,770 ","  9,024 ","$13,035,048","$39,220,756","$52,255,804",N/A,75.0%,"$2,612,790","$1,959,593","$12,872,110","$38,730,496","$51,602,606","$12,097,207","$41,044,388","$53,141,595","$774,904","-$2,313,892","-$1,538,988",-3.0%,"-$732,584",-1.4%,"$163,703","$449,407","$22,070",$0,$0,"$23,084",$0,N/A,"-$687,430",""
CKCC,DaVita,"Integrated Kidney Care of New Jersey and Pennsylvania, LLC",Professional,"NJ, NY, PA",N,2.28,1.03,1.65,"  1,387 ","  1,259 ","  2,646 ","  13,861 ","  11,913 ","  25,774 ","$35,804,545","$110,051,634","$145,856,179",N/A,62.5%,"$7,292,809","$4,558,006","$35,133,210","$107,988,166","$143,121,376","$35,260,650","$110,205,368","$145,466,018","-$127,441","-$2,217,202","-$2,344,642",-1.6%,"-$1,172,321",-0.8%,"$475,072","$1,052,176","$122,497",$0,$0,"$38,073",$0,N/A,"-$1,011,751",
CKCC,DaVita,"Integrated Kidney Care of Northern California, LLC",Professional,"CO, CA, PA",N,2.18,0.97,1.57,"  1,691 ","  1,613 ","  3,304 ","  17,159 ","  15,865 ","  33,024 ","$42,254,537","$149,550,138","$191,804,675",N/A,87.5%,"$9,590,234","$8,391,455","$41,990,446","$148,615,449","$190,605,895","$46,185,314","$145,495,504","$191,680,818","-$4,194,868","$3,119,945","-$1,074,923",-0.6%,"-$223,160",-0.1%,"$427,898","$1,238,240","$166,532","$40,795",$0,"$54,400","$1,185,324",N/A,"$1,223,890",
CKCC,DaVita,"Integrated Kidney Care of Pennsylvania and Ohio, LLC",Professional,"CO, OH, PA",N,2.34,1.04,1.69,"  1,254 ",  865 ,"  2,119 ","  12,600 ","  7,984 ","  20,584 ","$29,060,963","$62,690,113","$91,751,076",N/A,75.0%,"$4,587,554","$3,440,665","$28,697,701","$61,906,487","$90,604,187","$28,802,452","$63,541,497","$92,343,949","-$104,752","-$1,635,011","-$1,739,762",-1.9%,"-$869,881",-1.0%,"$245,741","$849,628","$97,357","$1,877",$138,"$32,997",$0,N/A,"-$737,513",
CKCC,DaVita,"Integrated Kidney Care of South Texas, LLC",Professional,TX,N,2.46,0.99,1.72,  283 ,  518 ,  801 ,"  2,809 ","  4,896 ","  7,705 ","$8,444,576","$41,088,734","$49,533,310",N/A,62.5%,"$2,476,665","$1,547,916","$8,286,240","$40,318,321","$48,604,560","$7,173,398","$41,003,034","$48,176,433","$1,112,842","-$684,714","$428,128",0.9%,"$386,902",0.8%,"$83,246","$221,954","$26,186",$0,$416,"$16,636",$0,N/A,"$430,139",
CKCC,DaVita,"Integrated Kidney Care of Southern California, LLC",Professional,"CA, PA",N,2.54,0.99,1.76,"  1,391 ","  1,494 ","  2,885 ","  13,700 ","  14,354 ","  28,054 ","$42,415,424","$125,629,806","$168,045,229",N/A,62.5%,"$8,402,261","$5,251,413","$41,620,134","$123,274,247","$164,894,381","$43,086,599","$128,925,586","$172,012,185","-$1,466,465","-$5,651,339","-$7,117,803",-4.3%,"-$3,558,902",-2.2%,"$422,988","$1,032,064","$118,488",$0,$0,"$60,197",$0,N/A,"-$3,380,217",
CKCC,DaVita,"Integrated Kidney Care of Texas and Oklahoma, LLC",Professional,"OK, TX",N,2.34,1.00,1.67,  695 ,  658 ,"  1,353 ","  6,927 ","  6,230 ","  13,157 ","$16,871,070","$47,237,407","$64,108,476",N/A,75.0%,"$3,205,424","$2,404,068","$16,660,181","$46,646,939","$63,307,120","$17,135,639","$44,109,691","$61,245,331","-$475,458","$2,537,248","$2,061,790",3.3%,"$1,213,131",1.9%,"$135,396","$488,622","$56,461",$0,$0,"$26,857",$0,N/A,"$1,296,449",
CKCC,DaVita,"Integrated Kidney Care of Virginia, LLC",Professional,"NC, PA, VA",N,2.24,0.97,1.61,"  1,519 ","  1,226 ","  2,745 ","  14,864 ","  11,404 ","  26,268 ","$30,973,948","$80,984,422","$111,958,370",N/A,75.0%,"$5,597,919","$4,198,439","$30,586,774","$79,972,117","$110,558,891","$28,092,735","$78,384,556","$106,477,291","$2,494,038","$1,587,561","$4,081,600",3.7%,"$1,858,173",1.7%,"$298,777","$1,042,650","$122,917",$0,"$1,269","$63,284",$0,N/A,"$2,045,642",
CKCC,"Dialysis Clinic, Inc.","CKCC Independence Kidney Care Alliance, LLC",Graduated Level 1,PA,Y - Group 3,2.31,1.00,1.66,  305 ,  260 ,  565 ,"  3,058 ","  2,277 ","  5,335 ","$6,342,656","$16,010,988","$22,353,645",N/A,62.5%,N/A,N/A,"$6,342,656","$16,010,988","$22,353,645","$6,181,060","$16,400,425","$22,581,485","$161,596","-$389,436","-$227,840",-1.0%,"$234,069",1.0%,"$54,264","$212,792","$27,378",$0,$0,"$7,855",$0,N/A,"$269,302",
CKCC,"Dialysis Clinic, Inc.",Metropolitan and Capital Region Kidney Care Alliance LLC,Graduated Level 1,"NY, NJ",Y - Group 3,2.25,1.02,1.63,  380 ,  234 ,  614 ,"  3,874 ","  2,242 ","  6,116 ","$9,827,508","$20,580,805","$30,408,313",N/A,62.5%,N/A,N/A,"$9,827,508","$20,580,805","$30,408,313","$10,301,110","$19,022,952","$29,324,062","-$473,602","$1,557,853","$1,084,251",3.6%,"$230,471",0.8%,"$108,867","$304,937","$38,764",$0,$0,"$6,929",$0,N/A,"$276,164",
CKCC,"Dialysis Clinic, Inc.",Tennessee Valley Kidney Care Alliance LLC,Graduated Level 1,"AL,TN",Y - Group 3,2.13,0.95,1.54,  363 ,  326 ,  689 ,"  3,677 ","  3,146 ","  6,823 ","$6,749,149","$19,891,591","$26,640,740",N/A,62.5%,N/A,N/A,"$6,749,149","$19,891,591","$26,640,740","$6,694,354","$17,843,923","$24,538,277","$54,795","$2,047,668","$2,102,463",7.9%,"$323,400",1.2%,"$67,783","$259,446","$27,187",$0,$0,"$13,171",$0,N/A,"$363,758",
CKCC,Evergreen,"Camino Renal Care, LLC",Global,CA,N,2.43,0.99,1.71,"  1,282 ","  1,750 ","  3,032 ","  12,772 ","  17,435 ","  30,207 ","$33,203,042","$140,794,306","$173,997,349","$4,223,829",87.5%,"$8,699,867","$7,612,384","$32,995,523","$135,690,513","$168,686,036","$34,833,699","$135,493,623","$170,327,322","-$1,838,175","$196,890","-$1,641,286",-1.0%,"-$1,641,286",-1.0%,"$369,332","$925,884","$56,507","$3,501","$7,853","$73,436","$1,084,214",N/A,"-$415,775",
CKCC,Evergreen,"Tennessee Kidney Care Alliance, LLC",Professional,TN,N,2.10,0.98,1.54,"  1,555 ",  839 ,"  2,394 ","  15,701 ","  7,907 ","  23,608 ","$32,656,587","$56,654,179","$89,310,766",N/A,75.0%,"$4,465,538","$3,349,154","$32,248,380","$55,946,002","$88,194,382","$32,839,637","$53,120,212","$85,959,849","-$591,257","$2,825,790","$2,234,533",2.5%,"$1,090,733",1.2%,"$318,142","$1,081,010","$126,383",$0,$0,"$36,187",$0,N/A,"$1,253,302",
CKCC,Interwell,"Alabama Kidney Care Entity, LLC",Professional,"AL, TN",N,2.09,0.99,1.54,  658 ,  706 ,"  1,364 ","  6,633 ","  6,932 ","  13,565 ","$12,714,109","$48,894,678","$61,608,787",N/A,87.5%,"$3,080,439","$2,695,384","$12,634,646","$48,589,086","$61,223,732","$11,716,789","$46,687,226","$58,404,016","$917,857","$1,901,859","$2,819,716",4.6%,"$1,339,601",2.2%,"$68,020","$539,948","$71,047",$0,$76,"$16,567","$486,886",N/A,"$1,914,176",
CKCC,Interwell,"Central North Carolina Kidney Care Entity, LLC",Professional,NC,N,2.20,0.98,1.59,"  1,031 ","  1,195 ","  2,226 ","  10,575 ","  11,657 ","  22,232 ","$21,413,925","$80,569,704","$101,983,629",N/A,87.5%,"$5,099,181","$4,461,784","$21,280,088","$80,066,143","$101,346,231","$21,087,302","$78,312,045","$99,399,347","$192,786","$1,754,098","$1,946,884",1.9%,"$953,973",0.9%,"$243,805","$695,284","$89,331","$16,387","$3,081","$49,872","$797,969",N/A,"$1,910,613",
CKCC,Interwell,"Charlotte Kidney Care Entity, LLC",Professional,"SC, NC",N,2.28,0.96,1.62,"  1,154 ","  1,182 ","  2,336 ","  11,910 ","  11,287 ","  23,197 ","$25,317,776","$77,154,262","$102,472,038",N/A,100.0%,"$5,123,602","$5,123,602","$25,317,776","$77,154,262","$102,472,038","$22,504,813","$75,904,742","$98,409,555","$2,812,963","$1,249,520","$4,062,483",4.0%,"$1,708,084",1.7%,"$256,659","$843,170","$80,269",$0,$0,"$50,524","$832,605",N/A,"$2,671,482",
CKCC,Interwell,"Dallas Kidney Care Entity, LLC",Professional,TX,N,2.32,0.97,1.65,"  2,462 ","  2,126 ","  4,588 ","  24,069 ","  19,840 ","  43,909 ","$63,214,549","$149,177,194","$212,391,743",N/A,87.5%,"$10,619,587","$9,292,139","$62,819,459","$148,244,836","$211,064,295","$58,827,516","$143,496,399","$202,323,915","$3,991,942","$4,748,437","$8,740,380",4.1%,"$4,157,693",2.0%,"$679,712","$1,647,939","$220,326","$13,563",$555,"$87,088","$1,576,017",N/A,"$6,055,242",
CKCC,Interwell,"Delmarva Kidney Care Entity, LLC",Professional,"MD, VA & DC",N,2.24,0.99,1.61,"  2,347 ","  2,285 ","  4,632 ","  23,491 ","  21,986 ","  45,477 ","$57,726,181","$180,614,285","$238,340,466",N/A,87.5%,"$11,917,023","$10,427,395","$57,365,392","$179,485,446","$236,850,838","$55,952,788","$182,117,191","$238,069,979","$1,412,604","-$2,631,745","-$1,219,141",-0.5%,"-$609,570",-0.3%,"$557,327","$1,967,043","$238,058",$0,$119,"$54,468","$1,632,297",N/A,"$1,315,371",
CKCC,Interwell,"Eastern North Carolina Kidney Care Entity, LLC",Professional,"NC, SC",N,2.24,1.00,1.62,"  1,753 ","  1,091 ","  2,844 ","  17,626 ","  10,202 ","  27,828 ","$36,731,593","$73,988,689","$110,720,283",N/A,100.0%,"$5,536,014","$5,536,014","$36,731,593","$73,988,689","$110,720,283","$34,041,680","$69,313,168","$103,354,848","$2,689,913","$4,675,521","$7,365,435",6.7%,"$3,340,138",3.0%,"$404,790","$1,172,087","$131,235","$21,599","$2,668","$51,827","$998,825",N/A,"$4,546,292",
CKCC,Interwell,"Erie Valley Kidney Care Entity, LLC",Professional,"OH, PA",N,2.32,1.01,1.67,  785 ,  529 ,"  1,314 ","  7,911 ","  4,905 ","  12,816 ","$17,410,226","$36,896,513","$54,306,738",N/A,87.5%,"$2,715,337","$2,375,920","$17,301,412","$36,665,909","$53,967,321","$16,341,230","$33,475,099","$49,816,329","$960,182","$3,190,810","$4,150,992",7.7%,"$1,820,450",3.4%,"$152,465","$515,141","$69,232","$22,857",$336,"$21,197","$460,002",N/A,"$2,394,075",
CKCC,Interwell,"Grand Canyon Kidney Care Entity, LLC",Professional,AZ,N,2.30,0.99,1.64,"  1,961 ","  1,116 ","  3,077 ","  20,008 ","  10,332 ","  30,340 ","$46,288,647","$74,339,474","$120,628,121",N/A,87.5%,"$6,031,406","$5,277,480","$45,999,343","$73,874,853","$119,874,196","$46,465,744","$74,848,350","$121,314,094","-$466,401","-$973,497","-$1,439,899",-1.2%,"-$719,949",-0.6%,"$557,563","$1,373,183","$172,966",$0,"$1,767","$34,643","$1,088,988",N/A,"$578,414",
CKCC,Interwell,"Heartland Kidney Care Entity, LLC",Professional,"IL, KS, MO",N,2.29,0.98,1.64,"  1,075 ",  760 ,"  1,835 ","  10,886 ","  7,126 ","  18,012 ","$23,885,744","$50,974,922","$74,860,666",N/A,75.0%,"$3,743,033","$2,807,275","$23,587,172","$50,337,735","$73,924,907","$23,422,638","$51,409,572","$74,832,209","$164,534","-$1,071,836","-$907,302",-1.2%,"-$453,651",-0.6%,"$185,005","$719,181","$93,033","$4,452",$0,"$51,622",$0,N/A,"-$304,545",
CKCC,Interwell,"Houston Kidney Care Entity, LLC",Professional,TX,N,2.54,1.01,1.77,  548 ,"  1,165 ","  1,713 ","  5,407 ","  11,235 ","  16,642 ","$15,208,572","$90,669,002","$105,877,575",N/A,62.5%,"$5,293,879","$3,308,674","$14,923,412","$88,968,958","$103,892,370","$15,474,508","$89,933,397","$105,407,905","-$551,096","-$964,439","-$1,515,535",-1.5%,$0,0.0%,"$105,104","$438,298","$58,039",$0,"$2,070","$16,258",$0,N/A,"$76,367",
CKCC,Interwell,"Kentuckiana Kidney Care Entity, LLC",Professional,"IL, IN, KY",N,2.41,1.00,1.71,"  1,678 ","  1,209 ","  2,887 ","  16,267 ","  11,333 ","  27,600 ","$37,083,308","$83,383,809","$120,467,117",N/A,87.5%,"$6,023,356","$5,270,436","$36,851,537","$82,862,660","$119,714,197","$36,683,373","$83,700,736","$120,384,109","$168,164","-$838,076","-$669,911",-0.6%,"-$334,956",-0.3%,"$335,626","$1,080,317","$141,212",$0,$0,"$53,988","$990,641",N/A,"$850,886",
CKCC,Interwell,"Las Vegas Kidney Care Entity, LLC",Professional,"AZ, NV, UT",N,2.28,0.98,1.63,  976 ,"  1,118 ","  2,094 ","  9,586 ","  10,636 ","  20,222 ","$22,983,833","$81,563,251","$104,547,085",N/A,87.5%,"$5,227,354","$4,573,935","$22,840,185","$81,053,481","$103,893,666","$22,311,972","$85,000,497","$107,312,469","$528,212","-$3,947,016","-$3,418,804",-3.3%,"-$1,709,402",-1.6%,"$297,954","$673,596","$88,247",$0,$51,"$37,627","$725,824",N/A,"-$857,653",
CKCC,Interwell,"Louisissippi Kidney Care Entity, LLC",Professional,"LA, MS",N,2.22,0.97,1.60,"  1,748 ","  2,342 ","  4,090 ","  16,833 ","  21,997 ","  38,830 ","$37,371,837","$149,623,799","$186,995,636",N/A,87.5%,"$9,349,782","$8,181,059","$37,138,263","$148,688,650","$185,826,913","$33,095,703","$146,564,661","$179,660,364","$4,042,560","$2,123,989","$6,166,549",3.3%,"$2,635,887",1.4%,"$346,293","$1,138,765","$137,249",$0,$489,"$98,201","$1,393,717",N/A,"$4,265,543",
CKCC,Interwell,"Michigan Kidney Care Entity, LLC",Professional,"IN, MI",N,2.24,1.01,1.62,"  1,420 ","  1,326 ","  2,746 ","  13,606 ","  12,428 ","  26,034 ","$28,390,570","$93,135,714","$121,526,284",N/A,87.5%,"$6,076,314","$5,316,775","$28,213,129","$92,553,616","$120,766,745","$28,643,665","$88,589,012","$117,232,678","-$430,537","$3,964,604","$3,534,067",2.9%,"$1,731,693",1.4%,"$298,464","$934,730","$113,280",$312,$196,"$51,210","$934,433",N/A,"$2,831,124",
CKCC,Interwell,"New Jersey Kidney Care Entity, LLC",Professional,"NJ, NY",N,2.37,1.02,1.69,"  1,610 ","  1,540 ","  3,150 ","  16,141 ","  14,660 ","  30,801 ","$44,257,203","$133,030,776","$177,287,978",N/A,87.5%,"$8,864,399","$7,756,349","$43,980,595","$132,199,333","$176,179,928","$41,047,883","$123,651,143","$164,699,026","$2,932,712","$8,548,190","$11,480,902",6.5%,"$5,232,872",3.0%,"$488,547","$1,195,744","$155,288","$36,279",$0,"$37,044","$1,105,534",N/A,"$6,567,018",
CKCC,Interwell,"Northwest Kidney Care Entity, LLC",Professional,"OR, WA",N,2.31,0.96,1.64,  855 ,  795 ,"  1,650 ","  8,529 ","  7,446 ","  15,975 ","$18,916,911","$55,531,785","$74,448,697",N/A,100.0%,"$3,722,435","$3,722,435","$18,916,911","$55,531,785","$74,448,697","$17,701,152","$54,121,960","$71,823,113","$1,215,759","$1,409,825","$2,625,584",3.5%,"$1,246,859",1.7%,"$172,066","$595,175","$81,928",$0,$178,"$33,717",$0,N/A,"$1,362,681",
CKCC,Interwell,"Philadelphia Kidney Care Entity, LLC",Professional,"NJ, PA",N,2.39,1.01,1.70,"  2,358 ","  1,486 ","  3,844 ","  22,870 ","  13,887 ","  36,757 ","$56,405,751","$114,769,749","$171,175,500",N/A,87.5%,"$8,558,775","$7,488,928","$56,053,215","$114,052,438","$170,105,653","$58,007,595","$114,646,213","$172,653,808","-$1,954,380","-$593,775","-$2,548,155",-1.5%,"-$1,274,077",-0.7%,"$551,297","$1,587,103","$206,908","$60,978",$0,"$47,711","$1,319,312",N/A,"$360,831",
CKCC,Interwell,"Red River Kidney Care Entity, LLC",Professional,"KS, OK, TX",N,2.34,1.00,1.67,"  1,114 ",  830 ,"  1,944 ","  10,900 ","  7,732 ","  18,632 ","$24,375,127","$59,197,943","$83,573,070",N/A,75.0%,"$4,178,654","$3,133,990","$24,070,438","$58,457,968","$82,528,407","$24,555,412","$56,867,603","$81,423,015","-$484,973","$1,590,365","$1,105,392",1.3%,"$541,642",0.7%,"$217,768","$745,579","$102,216",$0,$438,"$36,873",$0,N/A,"$681,168",
CKCC,Interwell,"Southeast Kidney Care Entity, LLC",Professional,GA,N,2.35,0.92,1.64,  616 ,  305 ,  921 ,"  6,324 ","  2,897 ","  9,221 ","$13,656,716","$21,709,109","$35,365,825",N/A,87.5%,"$1,768,291","$1,547,255","$13,571,362","$21,573,427","$35,144,788","$14,308,061","$21,866,449","$36,174,509","-$736,699","-$293,022","-$1,029,721",-2.9%,"-$359,630",-1.0%,"$168,243","$422,089","$43,912","$10,602",$0,"$15,469","$330,968",N/A,"$41,321",
CKCC,Interwell,"Southern Florida Kidney Care Entity, LLC",Professional,FL,N,2.58,1.05,1.82,"  1,663 ","  1,002 ","  2,665 ","  16,529 ","  9,283 ","  25,812 ","$44,939,046","$75,455,960","$120,395,005",N/A,87.5%,"$6,019,750","$5,267,281","$44,658,177","$74,984,360","$119,642,536","$40,407,237","$70,590,741","$110,997,977","$4,250,940","$4,393,619","$8,644,559",7.2%,"$3,844,456",3.2%,"$437,872","$1,173,459","$121,315",$0,$396,"$39,342","$926,465",N/A,"$4,931,975",
KCF,N/A,ADVANCED KIDNEY CARE MD PA,Kidney Care First,FL,N/A,N/A,N/A,N/A,N/A,N/A,N/A,"  2,490 ",  655 ,"  3,145 ",N/A,N/A,N/A,N/A,N/A,N/A,N/A,N/A,N/A,N/A,N/A,N/A,N/A,N/A,N/A,N/A,N/A,N/A,N/A,"$61,201","$183,415","$20,982",$0,$0,"$4,322",N/A,N/A,"$25,304",
KCF,N/A,Banner - University Medical Group,Kidney Care First,AZ,N/A,N/A,N/A,N/A,N/A,N/A,N/A,  823 ,  342 ,"  1,165 ",N/A,N/A,N/A,N/A,N/A,N/A,N/A,N/A,N/A,N/A,N/A,N/A,N/A,N/A,N/A,N/A,N/A,N/A,N/A,"$18,253","$58,914","$7,475",$0,$0,"$2,058",N/A,N/A,"$9,533",
KCF,N/A,DIAB AGHA KIDNEY AND HYPERTENSION CLINIC INC,Kidney Care First,FL,N/A,N/A,N/A,N/A,N/A,N/A,N/A,  113 ,  107 ,  220 ,N/A,N/A,N/A,N/A,N/A,N/A,N/A,N/A,N/A,N/A,N/A,N/A,N/A,N/A,N/A,N/A,N/A,N/A,N/A,"$4,029","$8,580","$1,017",$0,$0,$0,N/A,N/A,"$1,017",
KCF,N/A,East Texas Kidney Specialists PA,Kidney Care First,TX,N/A,N/A,N/A,N/A,N/A,N/A,N/A,"  1,944 ","  1,338 ","  3,282 ",N/A,N/A,N/A,N/A,N/A,N/A,N/A,N/A,N/A,N/A,N/A,N/A,N/A,N/A,N/A,N/A,N/A,N/A,N/A,"$47,148","$150,433","$21,419",$0,$0,"$9,844",N/A,N/A,"$31,263",
KCF,N/A,FLORIDA KIDNEY AND HYPERTENSION CARE PA,Kidney Care First,FL,N/A,N/A,N/A,N/A,N/A,N/A,N/A,  103 ,  202 ,  305 ,N/A,N/A,N/A,N/A,N/A,N/A,N/A,N/A,N/A,N/A,N/A,N/A,N/A,N/A,N/A,N/A,N/A,N/A,N/A,"$3,055","$6,835",$976,$805,$0,$0,N/A,N/A,"$1,782",
KCF,N/A,JON FERGUSON DO CORP,Kidney Care First,CA,N/A,N/A,N/A,N/A,N/A,N/A,N/A,  577 ,  70 ,  647 ,N/A,N/A,N/A,N/A,N/A,N/A,N/A,N/A,N/A,N/A,N/A,N/A,N/A,N/A,N/A,N/A,N/A,N/A,N/A,"$7,485","$44,293","$6,252",$0,$0,$960,N/A,N/A,"$7,212",
KCF,N/A,KARTHIKEYAN SAI MD PA,Kidney Care First,MO,N/A,N/A,N/A,N/A,N/A,N/A,N/A,"  2,305 ","  1,242 ","  3,547 ",N/A,N/A,N/A,N/A,N/A,N/A,N/A,N/A,N/A,N/A,N/A,N/A,N/A,N/A,N/A,N/A,N/A,N/A,N/A,"$41,169","$152,131","$19,175","$5,824",$0,"$4,631",N/A,N/A,"$29,629",
KCF,N/A,KIDNEY CARE AND TRANSPLANT SERVICES OF NEW ENGLAND PC,Kidney Care First,"CT, MA, NH",N/A,N/A,N/A,N/A,N/A,N/A,N/A,"  4,514 ","  2,385 ","  6,899 ",N/A,N/A,N/A,N/A,N/A,N/A,N/A,N/A,N/A,N/A,N/A,N/A,N/A,N/A,N/A,N/A,N/A,N/A,N/A,"$116,388","$312,265","$44,057","$12,596",$0,"$9,947",N/A,N/A,"$66,600",
KCF,N/A,Kidney Experts PLLC,Kidney Care First,TN,N/A,N/A,N/A,N/A,N/A,N/A,N/A,  973 ,  319 ,"  1,292 ",N/A,N/A,N/A,N/A,N/A,N/A,N/A,N/A,N/A,N/A,N/A,N/A,N/A,N/A,N/A,N/A,N/A,N/A,N/A,"$26,764","$65,868","$7,105",$0,$30,"$2,984",N/A,N/A,"$10,119",
KCF,N/A,KIDNEY SPECIALISTS OF THE PALM BEACHES LLC,Kidney Care First,FL,N/A,N/A,N/A,N/A,N/A,N/A,N/A,  371 ,  782 ,"  1,153 ",N/A,N/A,N/A,N/A,N/A,N/A,N/A,N/A,N/A,N/A,N/A,N/A,N/A,N/A,N/A,N/A,N/A,N/A,N/A,"$10,307","$31,027","$4,294",$0,$10,"$4,390",N/A,N/A,"$8,694",
KCF,N/A,"KIDNEY SPECIALTY CENTER, INC.",Kidney Care First,FL,N/A,N/A,N/A,N/A,N/A,N/A,N/A,  392 ,  130 ,  522 ,N/A,N/A,N/A,N/A,N/A,N/A,N/A,N/A,N/A,N/A,N/A,N/A,N/A,N/A,N/A,N/A,N/A,N/A,N/A,"$8,119","$38,566","$5,061",$0,$0,$377,N/A,N/A,"$5,438",
KCF,N/A,"KIDNEY SPECIALTY CENTER, INC.",Kidney Care First,FL,N/A,N/A,N/A,N/A,N/A,N/A,N/A,  178 ,  467 ,  645 ,N/A,N/A,N/A,N/A,N/A,N/A,N/A,N/A,N/A,N/A,N/A,N/A,N/A,N/A,N/A,N/A,N/A,N/A,N/A,"$7,093","$21,478","$3,068",$0,$0,$0,N/A,N/A,"$3,068",
KCF,N/A,"Lynchburg Nephrology Physicians, P.L.L.C.",Kidney Care First,VA,N/A,N/A,N/A,N/A,N/A,N/A,N/A,"  4,297 ","  2,582 ","  6,879 ",N/A,N/A,N/A,N/A,N/A,N/A,N/A,N/A,N/A,N/A,N/A,N/A,N/A,N/A,N/A,N/A,N/A,N/A,N/A,"$88,664","$297,661","$39,386",$0,$970,"$12,451",N/A,N/A,"$52,807",
KCF,N/A,MONA I SARBU MD,Kidney Care First,CA,N/A,N/A,N/A,N/A,N/A,N/A,N/A,  791 ,  579 ,"  1,370 ",N/A,N/A,N/A,N/A,N/A,N/A,N/A,N/A,N/A,N/A,N/A,N/A,N/A,N/A,N/A,N/A,N/A,N/A,N/A,"$10,937","$51,245","$6,806","$5,847",$0,"$2,230",N/A,N/A,"$14,882",
KCF,N/A,NASRIN ASHOUIAN MD CORP,Kidney Care First,CA,N/A,N/A,N/A,N/A,N/A,N/A,N/A,  395 ,  100 ,  495 ,N/A,N/A,N/A,N/A,N/A,N/A,N/A,N/A,N/A,N/A,N/A,N/A,N/A,N/A,N/A,N/A,N/A,N/A,N/A,"$7,806","$30,880","$4,411",$0,$0,"$1,921",N/A,N/A,"$6,332",
KCF,N/A,NE NEPHROLOGY HOME CARE ASSOCIATES,Kidney Care First,MA,N/A,N/A,N/A,N/A,N/A,N/A,N/A,"  2,286 ","  2,885 ","  5,171 ",N/A,N/A,N/A,N/A,N/A,N/A,N/A,N/A,N/A,N/A,N/A,N/A,N/A,N/A,N/A,N/A,N/A,N/A,N/A,"$43,821","$175,709","$24,271",$0,$0,"$6,243",N/A,N/A,"$30,514",
KCF,N/A,"Nephrology Associates Medical Group, Inc.",Kidney Care First,CA,N/A,N/A,N/A,N/A,N/A,N/A,N/A,"  6,983 ","  8,430 ","  15,413 ",N/A,N/A,N/A,N/A,N/A,N/A,N/A,N/A,N/A,N/A,N/A,N/A,N/A,N/A,N/A,N/A,N/A,N/A,N/A,"$199,483","$507,784","$64,155",$0,$0,"$39,479",N/A,N/A,"$103,634",
KCF,N/A,"Nephrology Associates of Mobile, P.A.",Kidney Care First,"AL, MS",N/A,N/A,N/A,N/A,N/A,N/A,N/A,"  4,295 ","  3,372 ","  7,667 ",N/A,N/A,N/A,N/A,N/A,N/A,N/A,N/A,N/A,N/A,N/A,N/A,N/A,N/A,N/A,N/A,N/A,N/A,N/A,"$105,912","$300,891","$41,055",$0,$697,"$12,279",N/A,N/A,"$54,032",
KCF,N/A,"Nephrology Consultants of Jacksonville, LLC",Kidney Care First,FL,N/A,N/A,N/A,N/A,N/A,N/A,N/A,"  1,147 ",  838 ,"  1,985 ",N/A,N/A,N/A,N/A,N/A,N/A,N/A,N/A,N/A,N/A,N/A,N/A,N/A,N/A,N/A,N/A,N/A,N/A,N/A,"$31,742","$78,330","$10,088","$1,324",$0,"$3,121",N/A,N/A,"$14,533",
KCF,N/A,NORTH VALLEY NEPHROLOGY INC,Kidney Care First,CA,N/A,N/A,N/A,N/A,N/A,N/A,N/A,"  2,246 ","  1,234 ","  3,480 ",N/A,N/A,N/A,N/A,N/A,N/A,N/A,N/A,N/A,N/A,N/A,N/A,N/A,N/A,N/A,N/A,N/A,N/A,N/A,"$46,634","$156,710","$22,161","$2,746",$0,"$2,881",N/A,N/A,"$27,788",
KCF,N/A,ONEILL CLARK NARVARTE & VICKS A PROFESSIONAL CORPORATION,Kidney Care First,NV,N/A,N/A,N/A,N/A,N/A,N/A,N/A,"  1,117 ","  2,731 ","  3,848 ",N/A,N/A,N/A,N/A,N/A,N/A,N/A,N/A,N/A,N/A,N/A,N/A,N/A,N/A,N/A,N/A,N/A,N/A,N/A,"$38,283","$98,507","$13,416",$0,$0,"$13,308",N/A,N/A,"$26,725",
KCF,N/A,"Pacific Kidney & Hypertension, LLC",Kidney Care First,"OR, WA",N/A,N/A,N/A,N/A,N/A,N/A,N/A,"  2,946 ","  2,062 ","  5,008 ",N/A,N/A,N/A,N/A,N/A,N/A,N/A,N/A,N/A,N/A,N/A,N/A,N/A,N/A,N/A,N/A,N/A,N/A,N/A,"$72,955","$205,879","$27,315",$0,$0,"$11,148",N/A,N/A,"$38,463",
KCF,N/A,"PRINE Health Medical Group, PLLC",Kidney Care First,NY,N/A,N/A,N/A,N/A,N/A,N/A,N/A,"  6,386 ","  3,625 ","  10,011 ",N/A,N/A,N/A,N/A,N/A,N/A,N/A,N/A,N/A,N/A,N/A,N/A,N/A,N/A,N/A,N/A,N/A,N/A,N/A,"$230,442","$521,951","$59,656",$0,$0,"$3,053",N/A,N/A,"$62,709",
KCF,N/A,RAJESH AGARWALA MD PLLC,Kidney Care First,FL,N/A,N/A,N/A,N/A,N/A,N/A,N/A,  103 ,  105 ,  208 ,N/A,N/A,N/A,N/A,N/A,N/A,N/A,N/A,N/A,N/A,N/A,N/A,N/A,N/A,N/A,N/A,N/A,N/A,N/A,"$3,544","$10,630","$1,519",$0,$0,$240,N/A,N/A,"$1,759",
KCF,N/A,"Southwest GA. Nephrology Clinic, P.C.",Kidney Care First,GA,N/A,N/A,N/A,N/A,N/A,N/A,N/A,"  1,639 ","  1,623 ","  3,262 ",N/A,N/A,N/A,N/A,N/A,N/A,N/A,N/A,N/A,N/A,N/A,N/A,N/A,N/A,N/A,N/A,N/A,N/A,N/A,"$17,287","$119,358","$3,484",$0,$0,"$6,483",N/A,N/A,"$9,967",
KCF,N/A,STARLING PHYSICIANS PLLC,Kidney Care First,CT,N/A,N/A,N/A,N/A,N/A,N/A,N/A,"  2,747 ","  1,471 ","  4,218 ",N/A,N/A,N/A,N/A,N/A,N/A,N/A,N/A,N/A,N/A,N/A,N/A,N/A,N/A,N/A,N/A,N/A,N/A,N/A,"$68,395","$200,589","$25,990",$128,$0,"$6,963",N/A,N/A,"$33,081",
KCF,N/A,Stony Brook Internists University Faculty Practice Corporation,Kidney Care First,NY,N/A,N/A,N/A,N/A,N/A,N/A,N/A,"  1,440 ",  891 ,"  2,331 ",N/A,N/A,N/A,N/A,N/A,N/A,N/A,N/A,N/A,N/A,N/A,N/A,N/A,N/A,N/A,N/A,N/A,N/A,N/A,"$36,450","$133,046","$8,562",$0,$0,"$1,646",N/A,N/A,"$10,208",
KCF,N/A,THE REGENTS OF THE UNIVERSITY OF CALIFORNIA,Kidney Care First,CA,N/A,N/A,N/A,N/A,N/A,N/A,N/A,"  3,275 ","  2,398 ","  5,673 ",N/A,N/A,N/A,N/A,N/A,N/A,N/A,N/A,N/A,N/A,N/A,N/A,N/A,N/A,N/A,N/A,N/A,N/A,N/A,"$130,496","$269,651","$30,624",$0,$0,"$18,385",N/A,N/A,"$49,008",
KCF,N/A,"University of Alabama Health Services Foundation, PC",Kidney Care First,AL,N/A,N/A,N/A,N/A,N/A,N/A,N/A,"  2,611 ","  1,083 ","  3,694 ",N/A,N/A,N/A,N/A,N/A,N/A,N/A,N/A,N/A,N/A,N/A,N/A,N/A,N/A,N/A,N/A,N/A,N/A,N/A,"$40,263","$193,393","$21,525",$0,$0,$686,N/A,N/A,"$22,211",
CKCC,Panoramic,Florida FKP KCE LLC,Graduated Level 2,FL,N,2.61,1.03,1.82,"  2,092 ","  1,161 ","  3,253 ","  21,160 ","  10,796 ","  31,956 ","$58,047,083","$85,292,327","$143,339,410",N/A,75.0%,"$3,583,485","$2,687,614","$57,684,289","$84,759,250","$142,443,539","$53,406,252","$84,481,608","$137,887,860","$4,278,037","$277,642","$4,555,679",3.2%,"$2,027,391",1.4%,"$654,833","$1,670,670","$196,087",$0,$0,"$48,020",$0,N/A,"$2,271,498",
CKCC,Panoramic,Pennsylvania CRAL KCE LLC,Graduated Level 2,PA,Y - Group 1,2.34,1.01,1.67,  572 ,  453 ,"  1,025 ","  5,595 ","  4,312 ","  9,907 ","$14,218,553","$35,091,859","$49,310,413",N/A,75.0%,"$1,232,760","$924,570","$14,129,687","$34,872,535","$49,002,223","$12,993,473","$33,616,113","$46,609,587","$1,136,214","$1,256,422","$2,392,636",4.9%,"$369,123",0.8%,"$171,764","$563,584","$76,715",$0,$0,"$18,694",$0,N/A,"$464,531",
CKCC,Panoramic,SKI Arizona KCE LLC,Graduated Level 2,AZ,N,2.32,0.98,1.65,"  1,313 ","  1,055 ","  2,368 ","  12,784 ","  9,967 ","  22,751 ","$29,500,537","$68,946,357","$98,446,894",N/A,75.0%,"$2,461,172","$1,845,879","$29,316,158","$68,515,443","$97,831,601","$29,258,335","$71,930,378","$101,188,713","$57,823","-$3,414,935","-$3,357,112",-3.4%,"-$995,569",-1.0%,"$341,553","$886,155","$116,832",$0,"$1,126","$58,516",$0,N/A,"-$819,095",
CKCC,Panoramic,West Coast Kidney KCE LLC,Graduated Level 2,CA,N,2.46,1.02,1.74,"  1,281 ",  966 ,"  2,247 ","  12,528 ","  9,477 ","  22,005 ","$36,682,519","$98,409,771","$135,092,290",N/A,87.5%,"$3,377,307","$2,955,144","$36,567,887","$98,102,240","$134,670,127","$37,478,366","$98,269,277","$135,747,643","-$910,479","-$167,037","-$1,077,516",-0.8%,"-$323,255",-0.2%,"$530,952","$961,949","$125,928","$25,292",$0,"$41,880","$789,821",N/A,"$659,667",
CKCC,Satellite Healthcare,"Total Kidney Health of Northern California, LLC",Global,CA,Y - Group 2,2.01,0.94,1.48,  413 ,  412 ,  825 ,"  3,740 ","  3,913 ","  7,653 ","$8,721,182","$37,489,860","$46,211,042","$1,124,696",75.0%,"$2,310,552","$1,732,914","$8,612,168","$35,896,541","$44,508,708","$8,920,195","$38,065,075","$46,985,270","-$308,028","-$2,168,534","-$2,476,562",-5.6%,"-$970,856",-2.2%,"$63,139","$342,232","$7,117",$0,$0,"$11,868",$0,N/A,"-$951,871",
CKCC,Somatus,"Kidney Care Center Alliance, LLC",Global,IL,Y - Group 2,2.63,1.04,1.83,  428 ,  269 ,  697 ,"  4,013 ","  2,575 ","  6,588 ","$11,835,798","$22,878,339","$34,714,137","$686,350",62.5%,"$1,735,707","$1,084,817","$11,613,877","$21,763,020","$33,376,897","$10,489,942","$22,060,156","$32,550,098","$1,123,935","-$297,136","$826,799",2.5%,"-$473,657",-1.4%,"$162,537","$287,848","$38,591",$0,$0,"$24,936",$0,N/A,"-$410,130",
CKCC,Strive,"Detroit Kidney Care KCE, LLC",Graduated Level 2,MI,N,2.37,1.03,1.70,"  1,644 ","  1,750 ","  3,394 ","  15,802 ","  16,559 ","  32,361 ","$35,613,315","$133,184,829","$168,798,144",N/A,75.0%,"$4,219,954","$3,164,965","$35,390,731","$132,352,424","$167,743,155","$35,064,336","$127,832,924","$162,897,260","$326,395","$4,519,500","$4,845,895",2.9%,"$2,374,489",1.4%,"$344,758","$1,172,685","$144,650",$0,$0,"$90,243",$0,N/A,"$2,609,382",
CKCC,Strive,"Gateway Kidney Care KCE, LLC",Graduated Level 2,MO,Y - Group 1,2.37,1.01,1.69,  522 ,  655 ,"  1,177 ","  5,370 ","  6,400 ","  11,770 ","$11,769,256","$48,733,476","$60,502,732",N/A,75.0%,"$1,512,568","$1,134,426","$11,695,698","$48,428,892","$60,124,590","$11,443,037","$49,448,198","$60,891,235","$252,660","-$1,019,306","-$766,646",-1.3%,"$353,995",0.6%,"$123,656","$383,330","$44,116",$0,$0,"$22,432",$0,N/A,"$420,543",
CKCC,Strive,"Integrated Patient Solutions IPA, LLC",Graduated Level 2,"NY, NJ",Y - Group 1,2.21,1.00,1.60,  296 ,  254 ,  550 ,"  2,947 ","  2,433 ","  5,380 ","$7,674,008","$22,986,178","$30,660,186",N/A,87.5%,"$766,505","$670,692","$7,650,026","$22,914,346","$30,564,373","$7,076,442","$23,157,060","$30,233,502","$573,584","-$242,714","$330,871",1.1%,"$194,404",0.6%,"$100,174","$241,588","$17,740",$0,$0,"$4,528","$193,103",N/A,"$409,775",
CKCC,Strive,NANI Patient Care Innovations,Professional,IL,N,2.50,1.02,1.76,"  1,287 ","  1,589 ","  2,876 ","  12,768 ","  15,448 ","  28,216 ","$34,074,508","$129,290,000","$163,364,509",N/A,75.0%,"$8,168,225","$6,126,169","$33,648,577","$127,673,875","$161,322,452","$33,434,488","$120,716,721","$154,151,208","$214,089","$6,957,155","$7,171,244",4.4%,"$3,429,611",2.1%,"$355,234","$957,358","$122,200",$0,$218,"$64,553",$0,N/A,"$3,616,582",
CKCC,US Renal Care,Integrated Kidney Partners II LLC,Professional, FL,N,2.38,1.02,1.70,  959 ,  618 ,"  1,577 ","  10,183 ","  5,888 ","  16,071 ","$23,593,278","$44,645,412","$68,238,690",N/A,25.0%,"$3,411,935","$852,984","$22,708,530","$42,971,209","$65,679,739","$24,709,704","$41,930,014","$66,639,718","-$2,001,174","$1,041,195","-$959,979",-1.5%,"-$71,294",-0.1%,"$196,272","$809,024","$42,051",$0,$0,"$20,203",$0,67.9%,"-$9,040",
CKCC,US Renal Care,Integrated Kidney Partners III LLC,Global,"TX, OK",Y - Group 2,2.37,1.00,1.69,  692 ,  472 ,"  1,164 ","  6,862 ","  4,174 ","  11,036 ","$17,944,686","$33,157,609","$51,102,295","$994,728",62.5%,"$2,555,115","$1,596,947","$17,608,223","$31,541,176","$49,149,399","$16,868,050","$32,805,868","$49,673,918","$740,173","-$1,264,692","-$524,519",-1.1%,"-$729,769",-1.5%,"$183,676","$494,842","$64,720",$0,$0,"$12,211",$0,N/A,"-$652,839",
CKCC,US Renal Care,Integrated Kidney Partners V LLC,Professional,TX,N,2.47,0.99,1.73,  511 ,  564 ,"  1,075 ","  4,945 ","  5,368 ","  10,313 ","$12,171,151","$39,556,316","$51,727,466",N/A,75.0%,"$2,586,373","$1,939,780","$12,019,011","$39,061,862","$51,080,873","$10,677,502","$38,819,810","$49,497,312","$1,341,510","$242,052","$1,583,561",3.1%,"$521,114",1.0%,"$132,596","$360,010","$46,885",$0,"$1,182","$20,546",$0,N/A,"$589,727",
KCE TOTAL,,,,,,2.32,0.99,1.65,"  45,792 ","  40,259 ","  86,051 ","  475,333 ","  391,849 ","  867,182 ","$1,076,195,317","$2,968,650,599","$4,044,845,916","$4,223,829",79.7%,"$188,931,816","$156,456,414","$1,067,867,269","$2,940,279,416","$4,008,146,686","$1,342,281,518","$3,690,085,326","$5,032,366,844","$24,230,613","$39,046,904","$63,277,517",1.5%,"$22,821,943",0.7%,"$11,360,712","$33,859,039","$4,085,958","$252,427","$24,424","$1,589,496","$19,166,468",67.3%,"$47,940,717",
KCF PRACTICE TOTAL,,,,,,,,,,,,"  159,104 ","  130,737 ","  289,841 ",,,,,,,,,,,,,,,,,,,,"$4,445,593","$12,185,827","$1,408,671","$35,337","$3,224","$568,694",,,"$8,704,576",
MODEL TOTAL,,,,,,,,,,,,"  634,437 ","  522,586 ","  1,157,023 ","$1,076,195,317","$2,968,650,599","$4,044,845,916","$4,223,829",77.5%,"$188,931,816","$156,456,414","$1,067,867,269","$2,940,279,416","$4,008,146,686","$1,342,281,518","$3,690,085,326","$5,032,366,844","$24,230,613","$39,046,904","$63,277,517",1.5%,"$22,821,943",0.7%,"$15,806,305","$46,044,866","$5,494,629","$287,764","$27,648","$2,158,190","$19,166,468",67.3%,"$56,645,293",